hub,demand
0,723.8421955403088
1,818.3377514423827
2,1037.8917823171682
3,639.0145017932325
4,589.4277249337283
5,715.421799469827
6,789.0222984562607
7,1018.244191486044
8,707.313269920474
9,1490.7219709964133
10,577.8886636519569
11,892.8738499922033
