KPI,Value
Total_Shipping_Cost,10399412.240298975
Expected_Late_Volume,15921.272953549678
Expected_Deviation_Hours,118473.8177515106
Total_CO2e_Proxy,183901.22706738967
