KPI,Value
Total_Shipping_Cost,6751659.71801713
Expected_Deviation_Hours,109354.22779513274
Total_CO2e_Proxy,6933046.744007847
