KPI,Value
Total_Shipping_Cost,6763005.833907527
Expected_Deviation_Hours,108461.45608936797
Total_CO2e_Proxy,6921414.556731629
