KPI,Value
Total_Shipping_Cost,6808574.990546322
Expected_Deviation_Hours,109083.72407759051
Total_CO2e_Proxy,6916505.725466364
